ID	Form	Lemma	Rank	Postag	Pos	Person	Number	Tense	Mood	Voice	Gender	Case	Degree	IsMemberOfCoord	IsMemberOfApos	TextURN
urn:cite2:gagdt:artificial.v1:Aesch_Ag_1	[0]		46	---------	-	-	-	-	-	-	-	-	-	false	false
urn:cite2:gagdt:artificial.v1:Aesch_Ag_2	[0]		14	---------	-	-	-	-	-	-	-	-	-	false	false
urn:cite2:gagdt:artificial.v1:Aesch_Ag_3	[0]		27	---------	-	-	-	-	-	-	-	-	-	false	false
urn:cite2:gagdt:artificial.v1:Aesch_Ag_4	[0]		4	---------	-	-	-	-	-	-	-	-	-	false	false
urn:cite2:gagdt:artificial.v1:Aesch_Ag_5	[0]		10	---------	-	-	-	-	-	-	-	-	-	false	false
urn:cite2:gagdt:artificial.v1:Aesch_Ag_6	[0]		59	---------	-	-	-	-	-	-	-	-	-	false	false
urn:cite2:gagdt:artificial.v1:Aesch_Ag_7	[0]		21	---------	-	-	-	-	-	-	-	-	-	false	false
urn:cite2:gagdt:artificial.v1:Aesch_Ag_8	[0]		36	---------	-	-	-	-	-	-	-	-	-	true	false
urn:cite2:gagdt:artificial.v1:Aesch_Ag_9	[0]		13	---------	-	-	-	-	-	-	-	-	-	false	false
urn:cite2:gagdt:artificial.v1:Aesch_Ag_10	[0]		4	---------	-	-	-	-	-	-	-	-	-	false	false
urn:cite2:gagdt:artificial.v1:Aesch_Ag_11	[0]		39	---------	-	-	-	-	-	-	-	-	-	false	false
urn:cite2:gagdt:artificial.v1:Aesch_Ag_12	[0]		11	---------	-	-	-	-	-	-	-	-	-	false	false
urn:cite2:gagdt:artificial.v1:Aesch_Ag_13	[0]		56	---------	-	-	-	-	-	-	-	-	-	false	false
urn:cite2:gagdt:artificial.v1:Aesch_Ag_14	[0]		21	---------	-	-	-	-	-	-	-	-	-	true	false
urn:cite2:gagdt:artificial.v1:Aesch_Ag_15	[0]		12	---------	-	-	-	-	-	-	-	-	-	false	false
urn:cite2:gagdt:artificial.v1:Aesch_Ag_16	[0]		17	---------	-	-	-	-	-	-	-	-	-	true	false
urn:cite2:gagdt:artificial.v1:Aesch_Ag_17	[1]		18	---------	-	-	-	-	-	-	-	-	-	false	false
urn:cite2:gagdt:artificial.v1:Aesch_Ag_18	[0]		13	---------	-	-	-	-	-	-	-	-	-	false	false
urn:cite2:gagdt:artificial.v1:Aesch_Ag_19	[1]		14	---------	-	-	-	-	-	-	-	-	-	false	false
urn:cite2:gagdt:artificial.v1:Aesch_Ag_20	[0]		10	---------	-	-	-	-	-	-	-	-	-	false	false
urn:cite2:gagdt:artificial.v1:Aesch_Ag_21	[0]		32	---------	-	-	-	-	-	-	-	-	-	false	false
urn:cite2:gagdt:artificial.v1:Aesch_Ag_22	[0]		24	---------	-	-	-	-	-	-	-	-	-	false	false
urn:cite2:gagdt:artificial.v1:Aesch_Ag_23	[0]		27	---------	-	-	-	-	-	-	-	-	-	true	false
urn:cite2:gagdt:artificial.v1:Aesch_Ag_24	[0]		12	---------	-	-	-	-	-	-	-	-	-	true	false
urn:cite2:gagdt:artificial.v1:Aesch_Ag_25	[0]		12	---------	-	-	-	-	-	-	-	-	-	false	false
urn:cite2:gagdt:artificial.v1:Aesch_Ag_26	[0]		7	---------	-	-	-	-	-	-	-	-	-	true	false
urn:cite2:gagdt:artificial.v1:Aesch_Ag_27	[1]		8	---------	-	-	-	-	-	-	-	-	-	false	false
urn:cite2:gagdt:artificial.v1:Aesch_Ag_28	[0]		44	---------	-	-	-	-	-	-	-	-	-	false	false
urn:cite2:gagdt:artificial.v1:Aesch_Ag_29	[0]		7	---------	-	-	-	-	-	-	-	-	-	false	false
urn:cite2:gagdt:artificial.v1:Aesch_Ag_30	[0]		6	---------	-	-	-	-	-	-	-	-	-	false	false
urn:cite2:gagdt:artificial.v1:Aesch_Ag_31	[1]		17	---------	-	-	-	-	-	-	-	-	-	false	false
urn:cite2:gagdt:artificial.v1:Aesch_Ag_32	[0]		18	---------	-	-	-	-	-	-	-	-	-	true	false
urn:cite2:gagdt:artificial.v1:Aesch_Ag_33	[0]		6	---------	-	-	-	-	-	-	-	-	-	true	false
urn:cite2:gagdt:artificial.v1:Aesch_Ag_34	[0]		14	---------	-	-	-	-	-	-	-	-	-	false	false
urn:cite2:gagdt:artificial.v1:Aesch_Ag_35	[0]		5	---------	-	-	-	-	-	-	-	-	-	false	false
urn:cite2:gagdt:artificial.v1:Aesch_Ag_36	[0]		6	---------	-	-	-	-	-	-	-	-	-	false	false
urn:cite2:gagdt:artificial.v1:Aesch_Ag_37	[0]		5	---------	-	-	-	-	-	-	-	-	-	true	false
urn:cite2:gagdt:artificial.v1:Aesch_Ag_38	[0]		5	---------	-	-	-	-	-	-	-	-	-	false	false
urn:cite2:gagdt:artificial.v1:Aesch_Ag_39	[0]		8	---------	-	-	-	-	-	-	-	-	-	false	false
urn:cite2:gagdt:artificial.v1:Aesch_Ag_40	[1]		9	---------	-	-	-	-	-	-	-	-	-	false	false
urn:cite2:gagdt:artificial.v1:Aesch_Ag_41	[0]		9	---------	-	-	-	-	-	-	-	-	-	false	false
urn:cite2:gagdt:artificial.v1:Aesch_Ag_42	[0]		7	---------	-	-	-	-	-	-	-	-	-	false	false
urn:cite2:gagdt:artificial.v1:Aesch_Ag_43	[0]		8	---------	-	-	-	-	-	-	-	-	-	false	false
urn:cite2:gagdt:artificial.v1:Aesch_Ag_44	[0]		38	---------	-	-	-	-	-	-	-	-	-	false	false
urn:cite2:gagdt:artificial.v1:Aesch_Ag_45	[1]		39	---------	-	-	-	-	-	-	-	-	-	true	false
urn:cite2:gagdt:artificial.v1:Aesch_Ag_46	[0]		11	---------	-	-	-	-	-	-	-	-	-	false	false
urn:cite2:gagdt:artificial.v1:Aesch_Ag_47	[0]		13	---------	-	-	-	-	-	-	-	-	-	false	false
urn:cite2:gagdt:artificial.v1:Aesch_Ag_48	[0]		13	---------	-	-	-	-	-	-	-	-	-	false	false
urn:cite2:gagdt:artificial.v1:Aesch_Ag_49	[0]		22	---------	-	-	-	-	-	-	-	-	-	true	false
urn:cite2:gagdt:artificial.v1:Aesch_Ag_50	[0]		24	---------	-	-	-	-	-	-	-	-	-	false	false
urn:cite2:gagdt:artificial.v1:Aesch_Ag_51	[0]		16	---------	-	-	-	-	-	-	-	-	-	false	false
urn:cite2:gagdt:artificial.v1:Aesch_Ag_52	[0]		13	---------	-	-	-	-	-	-	-	-	-	false	false
urn:cite2:gagdt:artificial.v1:Aesch_Ag_53	[0]		34	---------	-	-	-	-	-	-	-	-	-	false	false
urn:cite2:gagdt:artificial.v1:Aesch_Ag_54	[0]		6	---------	-	-	-	-	-	-	-	-	-	true	false
urn:cite2:gagdt:artificial.v1:Aesch_Ag_55	[0]		18	---------	-	-	-	-	-	-	-	-	-	false	false
urn:cite2:gagdt:artificial.v1:Aesch_Ag_56	[0]		6	---------	-	-	-	-	-	-	-	-	-	true	false
urn:cite2:gagdt:artificial.v1:Aesch_Ag_57	[0]		15	---------	-	-	-	-	-	-	-	-	-	false	false
urn:cite2:gagdt:artificial.v1:Aesch_Ag_58	[0]		23	---------	-	-	-	-	-	-	-	-	-	true	false
urn:cite2:gagdt:artificial.v1:Aesch_Ag_59	[0]		8	---------	-	-	-	-	-	-	-	-	-	true	false
urn:cite2:gagdt:artificial.v1:Aesch_Ag_60	[0]		8	---------	-	-	-	-	-	-	-	-	-	true	false
urn:cite2:gagdt:artificial.v1:Aesch_Ag_61	[0]		22	---------	-	-	-	-	-	-	-	-	-	true	false
urn:cite2:gagdt:artificial.v1:Aesch_Ag_62	[0]		8	---------	-	-	-	-	-	-	-	-	-	true	false
urn:cite2:gagdt:artificial.v1:Aesch_Ag_63	[0]		19	---------	-	-	-	-	-	-	-	-	-	false	false
urn:cite2:gagdt:artificial.v1:Aesch_Ag_64	[0]		24	---------	-	-	-	-	-	-	-	-	-	true	false
urn:cite2:gagdt:artificial.v1:Aesch_Ag_65	[0]		41	---------	-	-	-	-	-	-	-	-	-	false	false
urn:cite2:gagdt:artificial.v1:Aesch_Ag_66	[0]		29	---------	-	-	-	-	-	-	-	-	-	false	false
urn:cite2:gagdt:artificial.v1:Aesch_Ag_67	[0]		14	---------	-	-	-	-	-	-	-	-	-	true	false
urn:cite2:gagdt:artificial.v1:Aesch_Ag_68	[0]		14	---------	-	-	-	-	-	-	-	-	-	false	false
urn:cite2:gagdt:artificial.v1:Aesch_Ag_69	[0]		8	---------	-	-	-	-	-	-	-	-	-	false	false
urn:cite2:gagdt:artificial.v1:Aesch_Ag_70	[0]		4	---------	-	-	-	-	-	-	-	-	-	false	false
urn:cite2:gagdt:artificial.v1:Aesch_Ag_71	[0]		6	---------	-	-	-	-	-	-	-	-	-	false	false
urn:cite2:gagdt:artificial.v1:Aesch_Ag_72	[0]		8	---------	-	-	-	-	-	-	-	-	-	false	false
urn:cite2:gagdt:artificial.v1:Aesch_Ag_73	[0]		4	---------	-	-	-	-	-	-	-	-	-	false	false
urn:cite2:gagdt:artificial.v1:Aesch_Ag_74	[0]		13	---------	-	-	-	-	-	-	-	-	-	false	false
urn:cite2:gagdt:artificial.v1:Aesch_Ag_75	[1]		14	---------	-	-	-	-	-	-	-	-	-	false	false
urn:cite2:gagdt:artificial.v1:Aesch_Ag_76	[0]		19	---------	-	-	-	-	-	-	-	-	-	true	false
urn:cite2:gagdt:artificial.v1:Aesch_Ag_77	[0]		12	---------	-	-	-	-	-	-	-	-	-	true	false
urn:cite2:gagdt:artificial.v1:Aesch_Ag_78	[0]		25	---------	-	-	-	-	-	-	-	-	-	false	false
urn:cite2:gagdt:artificial.v1:Aesch_Ag_79	[0]		13	---------	-	-	-	-	-	-	-	-	-	false	false
urn:cite2:gagdt:artificial.v1:Aesch_Ag_80	[0]		9	---------	-	-	-	-	-	-	-	-	-	false	false
urn:cite2:gagdt:artificial.v1:Aesch_Ag_81	[0]		15	---------	-	-	-	-	-	-	-	-	-	false	false
urn:cite2:gagdt:artificial.v1:Aesch_Ag_82	[0]		9	---------	-	-	-	-	-	-	-	-	-	false	false
urn:cite2:gagdt:artificial.v1:Aesch_Ag_83	[0]		18	---------	-	-	-	-	-	-	-	-	-	false	false
urn:cite2:gagdt:artificial.v1:Aesch_Ag_84	[0]		7	---------	-	-	-	-	-	-	-	-	-	false	false
urn:cite2:gagdt:artificial.v1:Aesch_Ag_85	[0]		17	---------	-	-	-	-	-	-	-	-	-	false	false
urn:cite2:gagdt:artificial.v1:Aesch_Ag_86	[0]		14	---------	-	-	-	-	-	-	-	-	-	false	false
urn:cite2:gagdt:artificial.v1:Aesch_Ag_87	[0]		16	---------	-	-	-	-	-	-	-	-	-	false	false
urn:cite2:gagdt:artificial.v1:Aesch_Ag_88	[0]		13	---------	-	-	-	-	-	-	-	-	-	true	false
urn:cite2:gagdt:artificial.v1:Aesch_Ag_89	[1]		14	---------	-	-	-	-	-	-	-	-	-	true	false
urn:cite2:gagdt:artificial.v1:Aesch_Ag_90	[0]		16	---------	-	-	-	-	-	-	-	-	-	true	false
urn:cite2:gagdt:artificial.v1:Aesch_Ag_91	[0]		7	---------	-	-	-	-	-	-	-	-	-	false	false
urn:cite2:gagdt:artificial.v1:Aesch_Ag_92	[0]		6	---------	-	-	-	-	-	-	-	-	-	false	false
urn:cite2:gagdt:artificial.v1:Aesch_Ag_93	[0]		40	---------	-	-	-	-	-	-	-	-	-	true	false
urn:cite2:gagdt:artificial.v1:Aesch_Ag_94	[0]		17	---------	-	-	-	-	-	-	-	-	-	true	false
urn:cite2:gagdt:artificial.v1:Aesch_Ag_95	[0]		29	---------	-	-	-	-	-	-	-	-	-	false	false
urn:cite2:gagdt:artificial.v1:Aesch_Ag_96	[0]		23	---------	-	-	-	-	-	-	-	-	-	false	false
urn:cite2:gagdt:artificial.v1:Aesch_Ag_97	[0]		7	---------	-	-	-	-	-	-	-	-	-	false	false
urn:cite2:gagdt:artificial.v1:Aesch_Ag_98	[0]		35	---------	-	-	-	-	-	-	-	-	-	false	false
urn:cite2:gagdt:artificial.v1:Aesch_Ag_99	[0]		13	---------	-	-	-	-	-	-	-	-	-	false	false
urn:cite2:gagdt:artificial.v1:Aesch_Ag_100	[0]		9	---------	-	-	-	-	-	-	-	-	-	false	false
urn:cite2:gagdt:artificial.v1:Aesch_Ag_101	[0]		9	---------	-	-	-	-	-	-	-	-	-	true	false
urn:cite2:gagdt:artificial.v1:Aesch_Ag_102	[0]		21	---------	-	-	-	-	-	-	-	-	-	false	false
urn:cite2:gagdt:artificial.v1:Aesch_Ag_103	[0]		15	---------	-	-	-	-	-	-	-	-	-	false	false
urn:cite2:gagdt:artificial.v1:Aesch_Ag_104	[0]		15	---------	-	-	-	-	-	-	-	-	-	true	false
urn:cite2:gagdt:artificial.v1:Aesch_Ag_105	[0]		21	---------	-	-	-	-	-	-	-	-	-	false	false
urn:cite2:gagdt:artificial.v1:Aesch_Ag_106	[0]		9	---------	-	-	-	-	-	-	-	-	-	true	false
urn:cite2:gagdt:artificial.v1:Aesch_Ag_107	[0]		18	---------	-	-	-	-	-	-	-	-	-	false	false
urn:cite2:gagdt:artificial.v1:Aesch_Ag_108	[0]		17	---------	-	-	-	-	-	-	-	-	-	true	false
urn:cite2:gagdt:artificial.v1:Aesch_Ag_109	[0]		37	---------	-	-	-	-	-	-	-	-	-	false	false
urn:cite2:gagdt:artificial.v1:Aesch_Ag_110	[0]		7	---------	-	-	-	-	-	-	-	-	-	false	false
urn:cite2:gagdt:artificial.v1:Aesch_Ag_111	[0]		14	---------	-	-	-	-	-	-	-	-	-	true	false
urn:cite2:gagdt:artificial.v1:Aesch_Ag_112	[0]		10	---------	-	-	-	-	-	-	-	-	-	true	false
urn:cite2:gagdt:artificial.v1:Aesch_Ag_113	[0]		11	---------	-	-	-	-	-	-	-	-	-	true	false
urn:cite2:gagdt:artificial.v1:Aesch_Ag_114	[0]		11	---------	-	-	-	-	-	-	-	-	-	false	false
urn:cite2:gagdt:artificial.v1:Aesch_Ag_115	[0]		12	---------	-	-	-	-	-	-	-	-	-	false	false
urn:cite2:gagdt:artificial.v1:Aesch_Ag_116	[0]		12	---------	-	-	-	-	-	-	-	-	-	false	false
urn:cite2:gagdt:artificial.v1:Aesch_Ag_117	[0]		5	---------	-	-	-	-	-	-	-	-	-	false	false
urn:cite2:gagdt:artificial.v1:Aesch_Ag_118	[0]		11	---------	-	-	-	-	-	-	-	-	-	false	false
urn:cite2:gagdt:artificial.v1:Aesch_Ag_119	[1]		12	---------	-	-	-	-	-	-	-	-	-	false	false
urn:cite2:gagdt:artificial.v1:Aesch_Ag_120	[0]		13	---------	-	-	-	-	-	-	-	-	-	false	false
urn:cite2:gagdt:artificial.v1:Aesch_Ag_121	[0]		10	---------	-	-	-	-	-	-	-	-	-	false	false
urn:cite2:gagdt:artificial.v1:Aesch_Ag_122	[0]		14	---------	-	-	-	-	-	-	-	-	-	false	false
urn:cite2:gagdt:artificial.v1:Aesch_Ag_123	[0]		16	---------	-	-	-	-	-	-	-	-	-	false	false
urn:cite2:gagdt:artificial.v1:Aesch_Ag_124	[0]		7	---------	-	-	-	-	-	-	-	-	-	true	false
urn:cite2:gagdt:artificial.v1:Aesch_Ag_125	[0]		5	---------	-	-	-	-	-	-	-	-	-	false	false
urn:cite2:gagdt:artificial.v1:Aesch_Ag_126	[0]		4	---------	-	-	-	-	-	-	-	-	-	false	false
urn:cite2:gagdt:artificial.v1:Aesch_Ag_127	[0]		8	---------	-	-	-	-	-	-	-	-	-	false	false
urn:cite2:gagdt:artificial.v1:Aesch_Ag_128	[0]		5	---------	-	-	-	-	-	-	-	-	-	false	false
urn:cite2:gagdt:artificial.v1:Aesch_Ag_129	[0]		4	---------	-	-	-	-	-	-	-	-	-	false	false
urn:cite2:gagdt:artificial.v1:Aesch_Ag_130	[0]		8	---------	-	-	-	-	-	-	-	-	-	false	false
urn:cite2:gagdt:artificial.v1:Aesch_Ag_131	[0]		8	---------	-	-	-	-	-	-	-	-	-	false	false
urn:cite2:gagdt:artificial.v1:Aesch_Ag_132	[0]		5	---------	-	-	-	-	-	-	-	-	-	false	false
urn:cite2:gagdt:artificial.v1:Aesch_Ag_133	[0]		5	---------	-	-	-	-	-	-	-	-	-	false	false
urn:cite2:gagdt:artificial.v1:Aesch_Ag_134	[0]		15	---------	-	-	-	-	-	-	-	-	-	false	true
urn:cite2:gagdt:artificial.v1:Aesch_Ag_135	[1]		16	---------	-	-	-	-	-	-	-	-	-	false	false
urn:cite2:gagdt:artificial.v1:Aesch_Ag_136	[0]		13	---------	-	-	-	-	-	-	-	-	-	false	false
urn:cite2:gagdt:artificial.v1:Aesch_Ag_137	[0]		17	---------	-	-	-	-	-	-	-	-	-	false	false
urn:cite2:gagdt:artificial.v1:Aesch_Ag_138	[0]		7	---------	-	-	-	-	-	-	-	-	-	false	false
urn:cite2:gagdt:artificial.v1:Aesch_Ag_139	[0]		10	---------	-	-	-	-	-	-	-	-	-	false	false
urn:cite2:gagdt:artificial.v1:Aesch_Ag_140	[0]		8	---------	-	-	-	-	-	-	-	-	-	false	false
urn:cite2:gagdt:artificial.v1:Aesch_Ag_141	[0]		7	---------	-	-	-	-	-	-	-	-	-	false	false
urn:cite2:gagdt:artificial.v1:Aesch_Ag_142	[0]		7	---------	-	-	-	-	-	-	-	-	-	false	false
urn:cite2:gagdt:artificial.v1:Aesch_Ag_143	[0]		4	---------	-	-	-	-	-	-	-	-	-	false	false
urn:cite2:gagdt:artificial.v1:Aesch_Ag_144	[0]		31	---------	-	-	-	-	-	-	-	-	-	false	false
urn:cite2:gagdt:artificial.v1:Aesch_Ag_145	[0]		7	---------	-	-	-	-	-	-	-	-	-	false	false
urn:cite2:gagdt:artificial.v1:Aesch_Ag_146	[0]		8	---------	-	-	-	-	-	-	-	-	-	false	false
urn:cite2:gagdt:artificial.v1:Aesch_Ag_147	[0]		6	---------	-	-	-	-	-	-	-	-	-	false	false
urn:cite2:gagdt:artificial.v1:Aesch_Ag_148	[0]		9	---------	-	-	-	-	-	-	-	-	-	false	false
urn:cite2:gagdt:artificial.v1:Aesch_Ag_149	[0]		9	---------	-	-	-	-	-	-	-	-	-	false	false
urn:cite2:gagdt:artificial.v1:Aesch_Ag_150	[0]		9	---------	-	-	-	-	-	-	-	-	-	false	false
urn:cite2:gagdt:artificial.v1:Aesch_Ag_151	[0]		10	---------	-	-	-	-	-	-	-	-	-	false	false
urn:cite2:gagdt:artificial.v1:Aesch_Ag_152	[0]		7	---------	-	-	-	-	-	-	-	-	-	false	false
urn:cite2:gagdt:artificial.v1:Aesch_Ag_153	[0]		17	---------	-	-	-	-	-	-	-	-	-	false	false
urn:cite2:gagdt:artificial.v1:Aesch_Ag_154	[0]		8	---------	-	-	-	-	-	-	-	-	-	false	false
urn:cite2:gagdt:artificial.v1:Aesch_Ag_155	[0]		6	---------	-	-	-	-	-	-	-	-	-	false	false
urn:cite2:gagdt:artificial.v1:Aesch_Ag_156	[0]		8	---------	-	-	-	-	-	-	-	-	-	false	false
urn:cite2:gagdt:artificial.v1:Aesch_Ag_157	[0]		29	---------	-	-	-	-	-	-	-	-	-	false	false
urn:cite2:gagdt:artificial.v1:Aesch_Ag_158	[0]		26	---------	-	-	-	-	-	-	-	-	-	false	false
urn:cite2:gagdt:artificial.v1:Aesch_Ag_159	[0]		4	---------	-	-	-	-	-	-	-	-	-	false	false
urn:cite2:gagdt:artificial.v1:Aesch_Ag_160	[0]		22	---------	-	-	-	-	-	-	-	-	-	false	false
urn:cite2:gagdt:artificial.v1:Aesch_Ag_161	[0]		18	---------	-	-	-	-	-	-	-	-	-	false	false
urn:cite2:gagdt:artificial.v1:Aesch_Ag_162	[0]		9	---------	-	-	-	-	-	-	-	-	-	true	false
urn:cite2:gagdt:artificial.v1:Aesch_Ag_163	[0]		4	---------	-	-	-	-	-	-	-	-	-	false	false
urn:cite2:gagdt:artificial.v1:Aesch_Ag_164	[0]		7	---------	-	-	-	-	-	-	-	-	-	false	false
urn:cite2:gagdt:artificial.v1:Aesch_Ag_165	[0]		6	---------	-	-	-	-	-	-	-	-	-	false	false
urn:cite2:gagdt:artificial.v1:Aesch_Ag_166	[0]		5	---------	-	-	-	-	-	-	-	-	-	false	false
urn:cite2:gagdt:artificial.v1:Aesch_Ag_167	[0]		7	---------	-	-	-	-	-	-	-	-	-	false	false
urn:cite2:gagdt:artificial.v1:Aesch_Ag_168	[0]		10	---------	-	-	-	-	-	-	-	-	-	false	false
urn:cite2:gagdt:artificial.v1:Aesch_Ag_169	[0]		49	---------	-	-	-	-	-	-	-	-	-	true	false
urn:cite2:gagdt:artificial.v1:Aesch_Ag_170	[0]		14	---------	-	-	-	-	-	-	-	-	-	false	false
urn:cite2:gagdt:artificial.v1:Aesch_Ag_171	[0]		8	---------	-	-	-	-	-	-	-	-	-	false	false
urn:cite2:gagdt:artificial.v1:Aesch_Ag_172	[0]		4	---------	-	-	-	-	-	-	-	-	-	false	false
urn:cite2:gagdt:artificial.v1:Aesch_Ag_173	[1]		7	---------	-	-	-	-	-	-	-	-	-	false	false
urn:cite2:gagdt:artificial.v1:Aesch_Ag_174	[0]		8	---------	-	-	-	-	-	-	-	-	-	false	false
urn:cite2:gagdt:artificial.v1:Aesch_Ag_175	[0]		4	---------	-	-	-	-	-	-	-	-	-	false	false
urn:cite2:gagdt:artificial.v1:Aesch_Ag_176	[0]		8	---------	-	-	-	-	-	-	-	-	-	false	false
urn:cite2:gagdt:artificial.v1:Aesch_Ag_177	[0]		12	---------	-	-	-	-	-	-	-	-	-	false	false
urn:cite2:gagdt:artificial.v1:Aesch_Ag_178	[0]		20	---------	-	-	-	-	-	-	-	-	-	false	false
urn:cite2:gagdt:artificial.v1:Aesch_Ag_179	[0]		7	---------	-	-	-	-	-	-	-	-	-	false	false
urn:cite2:gagdt:artificial.v1:Aesch_Ag_180	[0]		12	---------	-	-	-	-	-	-	-	-	-	false	false
urn:cite2:gagdt:artificial.v1:Aesch_Ag_181	[0]		5	---------	-	-	-	-	-	-	-	-	-	false	false
urn:cite2:gagdt:artificial.v1:Aesch_Ag_182	[0]		3	---------	-	-	-	-	-	-	-	-	-	false	false
urn:cite2:gagdt:artificial.v1:Aesch_Ag_183	[0]		8	---------	-	-	-	-	-	-	-	-	-	false	false
urn:cite2:gagdt:artificial.v1:Aesch_Ag_184	[0]		8	---------	-	-	-	-	-	-	-	-	-	false	false
urn:cite2:gagdt:artificial.v1:Aesch_Ag_185	[0]		7	---------	-	-	-	-	-	-	-	-	-	false	false
urn:cite2:gagdt:artificial.v1:Aesch_Ag_186	[0]		9	---------	-	-	-	-	-	-	-	-	-	false	false
urn:cite2:gagdt:artificial.v1:Aesch_Ag_187	[0]		10	---------	-	-	-	-	-	-	-	-	-	true	false
urn:cite2:gagdt:artificial.v1:Aesch_Ag_188	[0]		7	---------	-	-	-	-	-	-	-	-	-	false	false
urn:cite2:gagdt:artificial.v1:Aesch_Ag_189	[0]		9	---------	-	-	-	-	-	-	-	-	-	false	false
urn:cite2:gagdt:artificial.v1:Aesch_Ag_190	[0]		17	---------	-	-	-	-	-	-	-	-	-	true	false
urn:cite2:gagdt:artificial.v1:Aesch_Ag_191	[0]		23	---------	-	-	-	-	-	-	-	-	-	false	false
urn:cite2:gagdt:artificial.v1:Aesch_Ag_192	[0]		18	---------	-	-	-	-	-	-	-	-	-	true	false
urn:cite2:gagdt:artificial.v1:Aesch_Ag_193	[0]		15	---------	-	-	-	-	-	-	-	-	-	false	false
urn:cite2:gagdt:artificial.v1:Aesch_Ag_194	[0]		7	---------	-	-	-	-	-	-	-	-	-	false	false
urn:cite2:gagdt:artificial.v1:Aesch_Ag_195	[0]		10	---------	-	-	-	-	-	-	-	-	-	true	false
urn:cite2:gagdt:artificial.v1:Aesch_Ag_196	[0]		4	---------	-	-	-	-	-	-	-	-	-	false	false
urn:cite2:gagdt:artificial.v1:Aesch_Ag_197	[0]		8	---------	-	-	-	-	-	-	-	-	-	false	false
urn:cite2:gagdt:artificial.v1:Aesch_Ag_198	[0]		26	---------	-	-	-	-	-	-	-	-	-	false	false
urn:cite2:gagdt:artificial.v1:Aesch_Ag_199	[0]		41	---------	-	-	-	-	-	-	-	-	-	false	false
urn:cite2:gagdt:artificial.v1:Aesch_Ag_200	[0]		9	---------	-	-	-	-	-	-	-	-	-	false	false
urn:cite2:gagdt:artificial.v1:Aesch_Ag_201	[0]		20	---------	-	-	-	-	-	-	-	-	-	false	false
urn:cite2:gagdt:artificial.v1:Aesch_Ag_202	[0]		21	---------	-	-	-	-	-	-	-	-	-	true	false
urn:cite2:gagdt:artificial.v1:Aesch_Ag_203	[0]		17	---------	-	-	-	-	-	-	-	-	-	false	false
urn:cite2:gagdt:artificial.v1:Aesch_Ag_204	[0]		22	---------	-	-	-	-	-	-	-	-	-	true	false
urn:cite2:gagdt:artificial.v1:Aesch_Ag_205	[0]		19	---------	-	-	-	-	-	-	-	-	-	false	false
urn:cite2:gagdt:artificial.v1:Aesch_Ag_206	[0]		9	---------	-	-	-	-	-	-	-	-	-	false	false
urn:cite2:gagdt:artificial.v1:Aesch_Ag_207	[0]		15	---------	-	-	-	-	-	-	-	-	-	false	false
urn:cite2:gagdt:artificial.v1:Aesch_Ag_208	[0]		11	---------	-	-	-	-	-	-	-	-	-	false	false
urn:cite2:gagdt:artificial.v1:Aesch_Ag_209	[0]		4	---------	-	-	-	-	-	-	-	-	-	false	false
urn:cite2:gagdt:artificial.v1:Aesch_Ag_210	[0]		14	---------	-	-	-	-	-	-	-	-	-	false	false
urn:cite2:gagdt:artificial.v1:Aesch_Ag_211	[0]		27	---------	-	-	-	-	-	-	-	-	-	false	false
urn:cite2:gagdt:artificial.v1:Aesch_Ag_212	[0]		6	---------	-	-	-	-	-	-	-	-	-	false	false
urn:cite2:gagdt:artificial.v1:Aesch_Ag_213	[0]		5	---------	-	-	-	-	-	-	-	-	-	false	false
urn:cite2:gagdt:artificial.v1:Aesch_Ag_214	[0]		4	---------	-	-	-	-	-	-	-	-	-	false	false
urn:cite2:gagdt:artificial.v1:Aesch_Ag_215	[0]		15	---------	-	-	-	-	-	-	-	-	-	false	false
urn:cite2:gagdt:artificial.v1:Aesch_Ag_216	[0]		7	---------	-	-	-	-	-	-	-	-	-	false	false
urn:cite2:gagdt:artificial.v1:Aesch_Ag_217	[0]		34	---------	-	-	-	-	-	-	-	-	-	false	false
urn:cite2:gagdt:artificial.v1:Aesch_Ag_218	[0]		27	---------	-	-	-	-	-	-	-	-	-	false	false
urn:cite2:gagdt:artificial.v1:Aesch_Ag_219	[0]		4	---------	-	-	-	-	-	-	-	-	-	false	false
urn:cite2:gagdt:artificial.v1:Aesch_Ag_220	[0]		8	---------	-	-	-	-	-	-	-	-	-	true	false
urn:cite2:gagdt:artificial.v1:Aesch_Ag_221	[0]		16	---------	-	-	-	-	-	-	-	-	-	false	false
urn:cite2:gagdt:artificial.v1:Aesch_Ag_222	[0]		13	---------	-	-	-	-	-	-	-	-	-	false	false
urn:cite2:gagdt:artificial.v1:Aesch_Ag_223	[0]		15	---------	-	-	-	-	-	-	-	-	-	false	false
urn:cite2:gagdt:artificial.v1:Aesch_Ag_224	[0]		7	---------	-	-	-	-	-	-	-	-	-	false	false
urn:cite2:gagdt:artificial.v1:Aesch_Ag_225	[0]		24	---------	-	-	-	-	-	-	-	-	-	false	false
urn:cite2:gagdt:artificial.v1:Aesch_Ag_226	[0]		23	---------	-	-	-	-	-	-	-	-	-	false	false
urn:cite2:gagdt:artificial.v1:Aesch_Ag_227	[0]		12	---------	-	-	-	-	-	-	-	-	-	false	false
urn:cite2:gagdt:artificial.v1:Aesch_Ag_228	[0]		10	---------	-	-	-	-	-	-	-	-	-	false	false
urn:cite2:gagdt:artificial.v1:Aesch_Ag_229	[0]		6	---------	-	-	-	-	-	-	-	-	-	false	false
urn:cite2:gagdt:artificial.v1:Aesch_Ag_230	[0]		11	---------	-	-	-	-	-	-	-	-	-	false	false
urn:cite2:gagdt:artificial.v1:Aesch_Ag_231	[0]		9	---------	-	-	-	-	-	-	-	-	-	false	false
